insert into member (email, password, name, phone_number, role, street, city, zipcode)
 values
('msill2@patch.com', 'nW3''''$Jl7Vokj', 'Marjory Sill', '860-598-8408', 'ADMIN', '2108 Blue Bill Park Place', 'Casal Novo', '123-123'),
('daspel3@netvibes.com', 'uF3$o/B.)CamZm', 'Dion Aspel', '524-911-3938', 'USER', '0370 Macpherson Center', 'Cajabamba', '123-123'),
('kmantrup4@tripadvisor.com', 'mE8"J1C5maF,k_', 'Kerr Mantrup', '143-720-8308', 'USER', '94 Shasta Parkway', 'Xijiao', '123-123'),
('dboatswain5@people.com.cn', 'hH8)8qu.7+', 'Damiano Boatswain', '934-335-3181', 'ADMIN', '3 Vidon Court', 'Mandala', '123-123'),
('sschoroder6@umn.edu', 'qZ9.jNBI6ci', 'Sheryl Schoroder', '535-809-7273', 'USER', '46028 Stang Point', 'Bailang', '123-123'),
('cluscombe7@paginegialle.it', 'cU9,KK$I@Z@J', 'Care Luscombe', '223-399-7336', 'USER', '2 Ryan Alley', 'Ambato Boeny', '123-123'),
('cwolfendale8@webeden.co.uk', 'hK1''R.&Ypm', 'Charil Wolfendale', '397-918-7498', 'ADMIN', '1 Acker Junction', 'As Suqaylibīyah', '123-123'),
('bwren9@mapy.cz', 'zV3<rOR&', 'Bettye Wren', '614-340-3953', 'USER', '47066 Towne Trail', 'Qalqaman', '123-123'),
('rphillippoa@wunderground.com', 'rJ7CUAjZT)0"', 'Randee Phillippo', '827-341-3383', 'USER', '57 Pepper Wood Lane', 'Carmen', '123-123'),
('mpearmanb@hugedomains.com', 'iQ2|6ifw}Lm"', 'Michael Pearman', '491-727-0073', 'ADMIN', '105 La Follette Park', 'Río Blanco', '123-123'),
('schennellsc@guardian.co.uk', 'sQ5=7ba&V', 'Stella Chennells', '439-889-7844', 'ADMIN', '01207 Dryden Hill', 'Pazarić', '123-123'),
('sprewerd@biglobe.ne.jp', 'gB5<SIJBJ', 'Seline Prewer', '742-307-6615', 'USER', '84 East Terrace', 'Hậu Nghĩa', '123-123'),
('ibowchere@seesaa.net', 'sH7&IT/?pZe,~UJ8', 'Igor Bowcher', '853-747-9371', 'USER', '68 Kensington Place', 'Bilo', '123-123'),
('whavisf@google.nl', 'uO0~p0~x?wbM', 'Winnie Havis', '270-675-1727', 'ADMIN', '8 Holy Cross Lane', 'Balahovit', '123-123'),
('knattrissg@yelp.com', 'xU5_0)RAR&|NaoJ', 'Karlene Nattriss', '367-878-5180', 'USER', '3 Dixon Center', 'San Agustín', '123-123'),
('hbarczewskih@virginia.edu', 'gH3$0z2.', 'Hamish Barczewski', '307-799-0695', 'ADMIN', '0365 Clarendon Terrace', 'Kitcharao', '123-123'),
('mstanburyi@alibaba.com', 'wX8<S<fB&gZ', 'Marena Stanbury', '703-799-9976', 'USER', '30 Graceland Junction', 'Telgawah', '123-123'),
('dhanburryj@ehow.com', 'gT5},#m&I~P', 'Damara Hanburry', '323-992-4009', 'ADMIN', '49364 Park Meadow Terrace', 'Niebocko', '123-123'),
('gbunningk@imgur.com', 'tS9&&.a)', 'Gilly Bunning', '237-708-0713', 'USER', '2847 Kingsford Park', 'Benito Juarez', '123-123'),
('lskewisl@xing.com', 'mO8@CB$O)S`*AT!', 'Lynelle Skewis', '501-888-9896', 'USER', '547 Service Trail', 'Little Rock', '123-123'),
('jkunzem@yolasite.com', 'bU7$kVvZ8U9Q', 'Jerrie Kunze', '899-241-0227', 'USER', '66815 Hovde Circle', 'Mossendjo', '123-123'),
('dpauletn@flickr.com', 'fC5(RBUkT#f', 'Della Paulet', '285-530-8621', 'USER', '215 Clemons Alley', 'Soissons', '123-123'),
('mwoolardo@patch.com', 'oQ2!MC_)Mt!', 'Maxim Woolard', '406-806-2509', 'ADMIN', '7 Judy Way', 'Roissy Charles-de-Gaulle', '123-123'),
('ecoursp@epa.gov', 'rJ2&KAKb+<', 'Englebert Cours', '370-748-8895', 'USER', '4202 Novick Court', 'Bodø', '123-123'),
('fbarwisq@chicagotribune.com', 'gJ3}LBO(/1p', 'Fenelia Barwis', '571-351-1474', 'USER', '70065 Sheridan Road', 'Zambujal', '123-123'),
('dsummerhayesr@samsung.com', 'vO5/F2z#VQnU=}h|', 'Danika Summerhayes', '578-858-0617', 'ADMIN', '49 Amoth Road', 'Leshukonskoye', '123-123'),
('umctrustys@admin.ch', 'yQ8%}3U`QeNltP8', 'Ursa McTrusty', '874-850-7403', 'ADMIN', '4943 Texas Junction', 'Karangmelok', '123-123'),
('nhenrycht@artisteer.com', 'aZ7~VTct%bjz!', 'Noach Henrych', '603-131-7116', 'ADMIN', '2274 Stang Trail', 'Žirovnice', '123-123'),
('hroelsu@arizona.edu', 'sO7''11As7h', 'Hendrick Roels', '604-203-2853', 'USER', '66960 Arizona Pass', 'Padangbatung', '123-123'),
('toharev@chronoengine.com', 'vD1.)IM1v?~K', 'Teri O''Hare', '946-861-1368', 'ADMIN', '3744 Granby Pass', 'Kirkton', '123-123'),
('akruszelnickiw@1688.com', 'sZ0"|Kt', 'Atlante Kruszelnicki', '274-787-9505', 'USER', '37002 Lyons Hill', 'Armenia', '123-123'),
('smacqueenx@csmonitor.com', 'iH4&Oa.C6>kawZ', 'Shaine MacQueen', '636-753-1926', 'ADMIN', '30 Vermont Point', 'Serra', '123-123'),
('lkyberty@latimes.com', 'cB8fvl3q', 'Lindi Kybert', '542-723-8987', 'USER', '57477 Anzinger Trail', 'Xiyang', '123-123'),
('bbartleyz@storify.com', 'mS1}bZP#6e=0rQ}', 'Bennie Bartley', '352-589-6012', 'ADMIN', '06687 Chive Junction', 'Ocala', '123-123'),
('ncharte10@drupal.org', 'qJ6%SwK''/yF', 'Natalina Charte', '883-201-9923', 'USER', '31199 Continental Crossing', 'Lilongwe', '123-123'),
('flaurenz11@patch.com', 'eV0~!LgENtFw7~3S', 'Friedrich Laurenz', '493-450-3031', 'ADMIN', '6 Anthes Junction', 'Babakansari', '123-123'),
('jrender12@accuweather.com', 'lG6`pT>qB{j#z', 'Janos Render', '428-617-8307', 'USER', '213 Butterfield Park', 'Grenoble', '123-123'),
('npowis13@opensource.org', 'gZ2_<&a@''N.aI!', 'Nicki Powis', '833-358-6645', 'ADMIN', '8007 Rowland Street', 'Maltahöhe', '123-123'),
('rmarval14@google.cn', 'uB5#X)L%', 'Ripley Marval', '816-757-9817', 'ADMIN', '5568 Garrison Circle', 'Kuangsan', '123-123'),
('lscanlan15@who.int', 'mX7/PPmb+7Vgp)1', 'Liuka Scanlan', '946-864-9261', 'ADMIN', '925 Jenifer Plaza', 'Penalva de Alva', '123-123'),
('dhenriques16@techcrunch.com', 'nT3''u?p,N#_z}*wt', 'Darya Henriques', '444-444-4613', 'ADMIN', '9 Crownhardt Pass', 'Khuean Ubonrat', '123-123'),
('kschoales17@miibeian.gov.cn', 'uT3`I14+Jy}S3al', 'Kalina Schoales', '683-267-3523', 'USER', '8571 South Circle', 'Cagdianao', '123-123'),
('kpotbury18@lycos.com', 'vP9%''qsHsIB&Lo4Q', 'Krisha Potbury', '753-307-2022', 'ADMIN', '0 Rowland Park', 'Zverevo', '123-123'),
('cashall19@vkontakte.ru', 'lA6,xb!PC', 'Carlyle Ashall', '495-697-2417', 'USER', '15890 Schmedeman Parkway', 'Hinunangan', '123-123'),
('dpenney1a@is.gd', 'jU4&X?_$oD/HJ', 'Dorine Penney', '467-333-9034', 'USER', '21238 Westridge Junction', 'Wakefield', '123-123'),
('bmcmanaman1b@unesco.org', 'qQ1)T&B@ae<C', 'Batholomew Mcmanaman', '193-445-5432', 'ADMIN', '2 Armistice Avenue', 'Santa Rita do Sapucaí', '123-123'),
('mfortoun1c@sina.com.cn', 'xC3&RPA8`dGB3a', 'Merrie Fortoun', '955-347-4805', 'ADMIN', '984 Mosinee Alley', 'Yujiawu', '123-123'),
('btossell1d@imageshack.us', 'lJ3@}MI1H``(MnRZ', 'Benito Tossell', '402-943-4916', 'USER', '255 Roxbury Way', 'Omaha', '123-123'),
('rcaton1e@java.com', 'jY8*L<Rlf"J7Q8', 'Rollin Caton', '425-771-8937', 'USER', '9 Montana Park', 'Huyang', '123-123'),
('crule1f@utexas.edu', 'yG0!}}jq', 'Cammy Rule', '584-880-3019', 'USER', '4451 Stoughton Way', 'Paris 01', '123-123'),
('lkoche1g@mediafire.com', 'eO3=`z+WV', 'Lowe Koche', '915-214-3657', 'USER', '0705 Menomonie Circle', 'Yanbei', '123-123'),
('aprimak1h@ucla.edu', 'dP5(@L|nnp', 'Amandi Primak', '800-236-4261', 'USER', '4329 Melrose Park', 'Ochojno', '123-123'),
('jdanshin1i@zimbio.com', 'qQ9`XXhD,OL', 'Jannel Danshin', '797-379-2018', 'ADMIN', '709 Waubesa Street', 'Si Ma Cai', '123-123'),
('ggoulborn1j@si.edu', 'oL1"wOApL1s''{W', 'Gisele Goulborn', '992-177-9172', 'ADMIN', '50 4th Crossing', 'Moret-sur-Loing', '123-123'),
('bmccathie1k@census.gov', 'fC9+bZ!l32/3WNZ&', 'Burty McCathie', '191-590-2114', 'USER', '48 Merry Hill', 'Goričan', '123-123'),
('cbrackenridge1l@webeden.co.uk', 'uQ9>dS&YR}A@', 'Clementina Brackenridge', '800-690-5247', 'USER', '956 Clove Avenue', 'K’anak’erravan', '123-123'),
('ibodocs1m@yandex.ru', 'dB3{%.X8j', 'Iorgos Bodocs', '302-596-3683', 'ADMIN', '484 Upham Pass', 'Abejorral', '123-123'),
('dgebhard1n@amazon.com', 'mQ7''_HbXO''a3', 'Doug Gebhard', '352-159-1714', 'USER', '649 Amoth Road', 'Daugai', '123-123'),
('aalesi1o@xrea.com', 'gU6''0f"6=W', 'Aloisia Alesi', '370-587-7145', 'ADMIN', '447 Mallard Court', 'São Bernardo do Campo', '123-123'),
('abridat1p@istockphoto.com', 'uE5(KLw2DU', 'Archibaldo Bridat', '969-527-5629', 'ADMIN', '93595 Parkside Avenue', 'Na Chueak', '123-123'),
('kbleibaum1q@mediafire.com', 'jZ1|WnB!%', 'Kalinda Bleibaum', '572-334-9139', 'ADMIN', '4954 Warner Crossing', 'Hadyach', '123-123'),
('cgligorijevic1r@washington.edu', 'aE8|A1,X`V0', 'Codie Gligorijevic', '671-773-6886', 'USER', '41559 School Street', 'Candon', '123-123'),
('dnorrey1s@macromedia.com', 'tK0(@ojn1FsAoZ<', 'Donnamarie Norrey', '445-386-9231', 'ADMIN', '2563 Mallard Parkway', 'Tibigan', '123-123'),
('hvasilevich1t@diigo.com', 'eO2?@G<>3z4mm@', 'Hillary Vasilevich', '215-137-0255', 'ADMIN', '3602 Ohio Crossing', 'Shajing', '123-123'),
('ajeffcoat1u@odnoklassniki.ru', 'aG0%S%1H(&7q', 'Allard Jeffcoat', '982-923-9326', 'ADMIN', '09 Basil Street', 'Pedra Furada', '123-123'),
('thun1v@so-net.ne.jp', 'wO6"_ba_', 'Timoteo Hun', '513-919-3876', 'ADMIN', '1821 Riverside Place', 'Wonosobo', '123-123'),
('apolding1w@themeforest.net', 'sF8`lLjI', 'Adolph Polding', '564-594-8923', 'USER', '38 Mockingbird Terrace', 'Gunung Talang', '123-123'),
('adiego1x@ca.gov', 'dB1!&Af%ZZ', 'Audre Diego', '883-459-5501', 'USER', '3804 Brentwood Road', 'Ciasna', '123-123'),
('bsiberry1y@hao123.com', 'oE9X@xoCW', 'Bank Siberry', '514-286-9593', 'ADMIN', '913 Montana Park', 'Mstsislaw', '123-123'),
('lspurrett1z@prnewswire.com', 'sO7#918/CLeRx', 'Lay Spurrett', '799-142-9617', 'ADMIN', '4 Blaine Crossing', 'Cergy-Pontoise', '123-123'),
('sfosdike20@xinhuanet.com', 'yP5?lijaF', 'Shanon Fosdike', '309-864-4530', 'USER', '5961 Emmet Circle', 'Mnich', '123-123'),
('ybalassi21@bigcartel.com', 'iN6?23~I!1R75p', 'Yvette Balassi', '859-837-0548', 'ADMIN', '193 Jackson Circle', 'Xylotymbou', '123-123'),
('etrevna22@1688.com', 'cF1~+Yb|XAyxGG7', 'Evered Trevna', '756-961-8397', 'USER', '7 Jackson Parkway', 'Bader', '123-123'),
('dpeschmann23@4shared.com', 'fT4,o26zV', 'Dierdre Peschmann', '197-958-6217', 'USER', '8880 Jackson Junction', 'Santa Maria', '123-123'),
('hkirley24@boston.com', 'zY1v@R"(xxf>sBh', 'Humbert Kirley', '319-136-3878', 'USER', '2775 Logan Circle', 'Licupis', '123-123'),
('bcicculini25@ed.gov', 'uV9@''#$h0h=zv', 'Bertie Cicculini', '754-395-4797', 'ADMIN', '5 Gateway Terrace', 'Sanchahe', '123-123'),
('mkeiley26@cnbc.com', 'dM5+Pz_2"LK', 'Milzie Keiley', '521-400-9324', 'ADMIN', '405 Glendale Junction', 'Hongcao', '123-123'),
('jcaseborne27@ovh.net', 'aU3!su''aS0!HE', 'Jeniffer Caseborne', '589-103-1862', 'ADMIN', '432 Pleasure Park', 'Längelmäki', '123-123'),
('jbeacom28@hatena.ne.jp', 'oH9"&2ha', 'Johny Beacom', '298-472-8409', 'USER', '8 Village Plaza', 'Hengdian', '123-123'),
('bhitschke29@tiny.cc', 'qO4<7Ikfy#4~*>Vc', 'Birch Hitschke', '407-757-5427', 'ADMIN', '5 Carberry Center', 'Yenagoa', '123-123'),
('tlaurisch2a@hexun.com', 'mK6{W.q>xMYj', 'Tybi Laurisch', '554-103-3074', 'USER', '75 Amoth Crossing', 'Timmins', '123-123'),
('fmckea2b@prnewswire.com', 'vP8}sp8!dTeRv', 'Freddie McKea', '235-267-0801', 'ADMIN', '89670 Nancy Plaza', 'Birigui', '123-123'),
('mmuriel2c@tuttocitta.it', 'jF4@S.RRtLP=', 'Maribeth Muriel', '680-892-0379', 'ADMIN', '5950 Mayer Drive', 'Villa Aglipay', '123-123'),
('ldavinet2d@oaic.gov.au', 'gN5/!#bA', 'Lelia Davinet', '425-398-5686', 'ADMIN', '3578 Dottie Way', 'Quintãs', '123-123'),
('bschwaiger2e@ox.ac.uk', 'xS1.8L6bTy,', 'Bartram Schwaiger', '405-983-8539', 'ADMIN', '4 Blaine Park', 'Sennoy', '123-123'),
('bwilce2f@economist.com', 'eM6+<<ICZ/<', 'Balduin Wilce', '302-402-6372', 'USER', '60859 Sauthoff Place', 'Guadalupe', '123-123'),
('scloss2g@ted.com', 'dX9&R''+Lma~', 'Saw Closs', '223-369-5110', 'USER', '4 Algoma Pass', 'Tongzhong', '123-123'),
('kbrownlow2h@mac.com', 'kV6/d*XHi9fp', 'Kahlil Brownlow', '325-551-3378', 'ADMIN', '4 Merry Circle', 'Patria', '123-123'),
('bmccurrie2i@nifty.com', 'aM4@&$v}vc<+z', 'Berne McCurrie', '245-752-6822', 'ADMIN', '475 Milwaukee Trail', 'Hrob', '123-123'),
('smoriarty2j@google.pl', 'dC3/vk9WW', 'Selena Moriarty', '389-425-4830', 'ADMIN', '46060 Dapin Place', 'Solna', '123-123'),
('mroller2k@marriott.com', 'tC8<*)XPrXZi4DG', 'Margarete Roller', '956-246-5637', 'ADMIN', '0800 Loomis Avenue', 'Poshnje', '123-123'),
('jalred2l@about.com', 'wD3_5y.eiokEU+8&', 'Joby Alred', '317-171-4997', 'USER', '7 Bunker Hill Parkway', 'Maisí', '123-123'),
('icuchey2m@ibm.com', 'jO7(MvYq5', 'Isaac Cuchey', '677-965-3908', 'ADMIN', '377 Sycamore Pass', 'Nijemci', '123-123'),
('ddanilenko2n@nsw.gov.au', 'dB7=MmK6uQ4J(yTt', 'Dominique Danilenko', '423-706-6563', 'ADMIN', '85 1st Circle', 'Baluk', '123-123'),
('dhenmarsh2o@creativecommons.org', 'oJ0_/fF~', 'Delaney Henmarsh', '903-618-5051', 'USER', '1460 Delladonna Pass', 'Seogeom-ri', '123-123'),
('cmicallef2p@cdbaby.com', 'nJ4?X|)C11WeK`#P', 'Cherianne Micallef', '775-126-9898', 'ADMIN', '9451 Goodland Terrace', 'Sparks', '123-123'),
('fthiese2q@ucoz.com', 'dI4~!bzP''R_u', 'Francklin Thiese', '563-558-3465', 'USER', '81 Heath Center', 'Tonghae', '123-123'),
('jmcelwee2r@sciencedirect.com', 'oV3)Hf?$J.z''''', 'Josie McElwee', '718-697-4769', 'ADMIN', '161 Texas Hill', 'Pajapita', '123-123');


insert into orders (member_id, total_Amount, status, payment_method)
values
(3, 12.53, 'PENDING', 'PayPay'),
(4, 24.74, 'CANCELLED', 'PayPay'),
(5, 50.46, 'COMPLETED', 'PayPay'),
(6, 24.92, 'PENDING', 'PayPay'),
(7, 28.19, 'PENDING', 'PayPay'),
(8, 11.41, 'PENDING', 'PayPay'),
(9, 18.92, 'CANCELLED', 'PayPay'),
(10, 82.68, 'COMPLETED', 'PayPay'),
(11, 58.11, 'CANCELLED', 'PayPay'),
(12, 18.33, 'COMPLETED', 'PayPay'),
(13, 62.84, 'PENDING', 'PayPay'),
(14, 57.99, 'COMPLETED', 'PayPay'),
(15, 38.02, 'COMPLETED', 'PayPay'),
(16, 41.45, 'PENDING', 'PayPay'),
(17, 16.83, 'COMPLETED', 'PayPay'),
(18, 44.93, 'PENDING', 'PayPay'),
(19, 78.3, 'PENDING', 'PayPay'),
(20, 79.27, 'PENDING', 'PayPay'),
(21, 10.8, 'COMPLETED', 'PayPay'),
(22, 58.0, 'COMPLETED', 'PayPay'),
(23, 34.2, 'COMPLETED', 'PayPay'),
(24, 31.19, 'COMPLETED', 'PayPay'),
(25, 37.57, 'CANCELLED', 'PayPay'),
(26, 42.0, 'PENDING', 'PayPay'),
(27, 80.02, 'PENDING', 'PayPay'),
(28, 93.82, 'CANCELLED', 'PayPay'),
(29, 91.96, 'COMPLETED', 'PayPay'),
(30, 18.54, 'CANCELLED', 'PayPay'),
(31, 60.12, 'CANCELLED', 'PayPay'),
(32, 74.19, 'PENDING', 'PayPay'),
(33, 92.59, 'PENDING', 'PayPay'),
(34, 94.85, 'COMPLETED', 'PayPay'),
(35, 45.8, 'COMPLETED', 'PayPay'),
(36, 69.42, 'CANCELLED', 'PayPay'),
(37, 91.53, 'PENDING', 'PayPay'),
(38, 71.13, 'CANCELLED', 'PayPay'),
(39, 45.79, 'CANCELLED', 'PayPay'),
(40, 31.44, 'PENDING', 'PayPay'),
(41, 96.07, 'CANCELLED', 'PayPay'),
(42, 26.95, 'PENDING', 'PayPay'),
(43, 99.62, 'CANCELLED', 'PayPay'),
(44, 15.95, 'PENDING', 'PayPay'),
(45, 97.34, 'COMPLETED', 'PayPay'),
(46, 54.67, 'COMPLETED', 'PayPay'),
(47, 43.39, 'PENDING', 'PayPay'),
(48, 36.01, 'COMPLETED', 'PayPay'),
(49, 50.55, 'COMPLETED', 'PayPay'),
(50, 95.86, 'CANCELLED', 'PayPay'),
(51, 76.75, 'COMPLETED', 'PayPay'),
(52, 11.37, 'COMPLETED', 'PayPay'),
(53, 16.68, 'CANCELLED', 'PayPay'),
(54, 51.07, 'COMPLETED', 'PayPay'),
(55, 34.77, 'PENDING', 'PayPay'),
(56, 34.79, 'CANCELLED', 'PayPay'),
(57, 44.41, 'CANCELLED', 'PayPay'),
(58, 84.12, 'CANCELLED', 'PayPay'),
(59, 42.59, 'COMPLETED', 'PayPay'),
(60, 30.28, 'COMPLETED', 'PayPay'),
(61, 15.3, 'CANCELLED', 'PayPay'),
(62, 14.55, 'PENDING', 'PayPay'),
(63, 69.88, 'CANCELLED', 'PayPay'),
(64, 54.01, 'COMPLETED', 'PayPay'),
(65, 24.98, 'CANCELLED', 'PayPay'),
(66, 96.35, 'COMPLETED', 'PayPay'),
(67, 67.03, 'PENDING', 'PayPay'),
(68, 42.37, 'CANCELLED', 'PayPay'),
(69, 94.76, 'CANCELLED', 'PayPay'),
(70, 18.57, 'PENDING', 'PayPay'),
(71, 98.03, 'COMPLETED', 'PayPay'),
(72, 86.7, 'CANCELLED', 'PayPay'),
(73, 12.09, 'PENDING', 'PayPay'),
(74, 33.42, 'COMPLETED', 'PayPay'),
(75, 54.5, 'CANCELLED', 'PayPay'),
(76, 41.69, 'COMPLETED', 'PayPay'),
(77, 99.49, 'PENDING', 'PayPay'),
(78, 11.56, 'COMPLETED', 'PayPay'),
(79, 67.62, 'CANCELLED', 'PayPay'),
(80, 43.04, 'PENDING', 'PayPay'),
(81, 45.08, 'CANCELLED', 'PayPay'),
(82, 63.17, 'COMPLETED', 'PayPay'),
(83, 90.48, 'CANCELLED', 'PayPay'),
(84, 44.18, 'CANCELLED', 'PayPay'),
(85, 21.17, 'CANCELLED', 'PayPay'),
(86, 64.39, 'CANCELLED', 'PayPay'),
(87, 92.74, 'CANCELLED', 'PayPay'),
(88, 30.25, 'CANCELLED', 'PayPay'),
(89, 85.88, 'COMPLETED', 'PayPay'),
(90, 67.13, 'CANCELLED', 'PayPay'),
(91, 88.59, 'COMPLETED', 'PayPay'),
(92, 79.74, 'CANCELLED', 'PayPay'),
(93, 46.66, 'CANCELLED', 'PayPay'),
(94, 22.65, 'COMPLETED', 'PayPay'),
(95, 45.83, 'COMPLETED', 'PayPay'),
(96, 85.42, 'COMPLETED', 'PayPay'),
(97, 24.38, 'COMPLETED', 'PayPay'),
(98, 13.73, 'COMPLETED', 'PayPay');


INSERT IGNORE INTO product (name, price, description, stock)
VALUES
('Y-Solowarm', 2012.38, 'kakao masita!', 149),
('Toughjoyfax', 1655.91, 'kakao masita!', 154),
('It', 1887.77, 'kakao masita!', 72),
('Veribet', 2887.03, 'cocoa masita!', 78),
('Voyatouch', 1523.86, 'kakao masita!', 200),
('Fintone', 1026.15, 'cocoa masita!', 198),
('Viva', 2350.87, 'kakao masita!', 116),
('Rank', 951.08, 'kakao masita!', 175),
('Cookley', 1946.78, 'cocoa masita!', 8),
('Bitwolf', 2558.42, 'kakao masita!', 140),
('Transcof', 888.27, 'kakao masita!', 167),
('Gembucket', 653.5, 'kakao masita!', 11),
('Zontrax', 237.48, 'cocoa masita!', 154),
('Trippledex', 2955.86, 'cocoa masita!', 26),
('Pannier', 578.6, 'kakao masita!', 46),
('Transcof', 1887.57, 'kakao masita!', 79),
('Vagram', 1970.33, 'kakao masita!', 53),
('Regrant', 1009.58, 'kakao masita!', 76),
('Toughjoyfax', 2587.42, 'kakao masita!', 191),
('Bytecard', 1144.7, 'kakao masita!', 178),
('Fix San', 1639.65, 'kakao masita!', 92),
('Tempsoft', 1566.27, 'cocoa masita!', 100),
('Rank', 324.44, 'kakao masita!', 15),
('Tresom', 2112.07, 'cocoa masita!', 119),
('Stim', 1076.8, 'kakao masita!', 65),
('Hatity', 2052.19, 'kakao masita!', 148),
('Span', 693.07, 'cocoa masita!', 125),
('Quo Lux', 904.99, 'cocoa masita!', 43),
('Zaam-Dox', 603.67, 'cocoa masita!', 19),
('Domainer', 2388.16, 'kakao masita!', 190),
('Andalax', 1729.04, 'cocoa masita!', 169),
('Bamity', 2354.07, 'kakao masita!', 173),
('Zaam-Dox', 2258.72, 'kakao masita!', 186),
('Rank', 618.8, 'kakao masita!', 151),
('Latlux', 2799.32, 'kakao masita!', 76),
('Biodex', 2218.11, 'cocoa masita!', 28),
('Voyatouch', 744.5, 'cocoa masita!', 89),
('Ronstring', 2728.04, 'kakao masita!', 151),
('Solarbreeze', 1129.85, 'cocoa masita!', 30),
('Voltsillam', 2176.18, 'cocoa masita!', 198),
('Bamity', 2060.56, 'cocoa masita!', 188),
('Tampflex', 2129.51, 'kakao masita!', 105),
('Overhold', 2577.03, 'kakao masita!', 177),
('Tresom', 1531.51, 'cocoa masita!', 92),
('Latlux', 1865.04, 'kakao masita!', 56),
('Zamit', 2008.65, 'kakao masita!', 23),
('Aerified', 2272.82, 'kakao masita!', 186),
('Fintone', 2053.63, 'kakao masita!', 12),
('Tempsoft', 417.6, 'kakao masita!', 92),
('Prodder', 1212.93, 'cocoa masita!', 31),
('Sub-Ex', 635.43, 'kakao masita!', 28),
('Pannier', 1711.25, 'cocoa masita!', 7),
('Home Ing', 470.5, 'kakao masita!', 178),
('It', 1944.06, 'cocoa masita!', 59),
('Fintone', 2489.0, 'cocoa masita!', 169),
('Aerified', 382.94, 'kakao masita!', 169),
('Ventosanzap', 2222.34, 'cocoa masita!', 132),
('It', 601.2, 'cocoa masita!', 171),
('Temp', 1281.56, 'cocoa masita!', 131),
('Gembucket', 1573.02, 'cocoa masita!', 124),
('Ventosanzap', 1847.48, 'cocoa masita!', 30),
('Bytecard', 2301.91, 'kakao masita!', 21),
('Veribet', 668.58, 'kakao masita!', 72),
('Greenlam', 730.27, 'cocoa masita!', 94),
('Holdlamis', 1005.33, 'cocoa masita!', 92),
('Bigtax', 1332.27, 'kakao masita!', 82),
('Latlux', 2586.83, 'kakao masita!', 19),
('Hatity', 726.3, 'cocoa masita!', 82),
('Temp', 368.28, 'cocoa masita!', 173),
('Tampflex', 1223.65, 'cocoa masita!', 136),
('Cardify', 2419.03, 'cocoa masita!', 70),
('Greenlam', 2439.6, 'cocoa masita!', 9),
('Zathin', 1179.53, 'cocoa masita!', 120),
('Voyatouch', 1770.05, 'cocoa masita!', 17),
('Zamit', 2071.81, 'kakao masita!', 96),
('Home Ing', 1971.68, 'cocoa masita!', 25),
('Biodex', 2781.0, 'cocoa masita!', 102),
('Veribet', 1256.41, 'kakao masita!', 34),
('Alphazap', 1306.13, 'cocoa masita!', 67),
('Wrapsafe', 1182.28, 'cocoa masita!', 98),
('Cardguard', 2213.14, 'cocoa masita!', 137),
('Andalax', 2688.62, 'kakao masita!', 103),
('Subin', 1788.36, 'kakao masita!', 21),
('Trippledex', 1997.53, 'kakao masita!', 138),
('Greenlam', 1003.83, 'cocoa masita!', 29),
('Bigtax', 971.54, 'cocoa masita!', 12),
('Domainer', 991.32, 'cocoa masita!', 194),
('Solarbreeze', 965.85, 'cocoa masita!', 82),
('Bytecard', 2585.47, 'cocoa masita!', 152),
('Latlux', 438.21, 'cocoa masita!', 146),
('Matsoft', 687.85, 'kakao masita!', 160),
('Bitchip', 2803.91, 'kakao masita!', 178),
('Solarbreeze', 1182.56, 'cocoa masita!', 138),
('Sonsing', 2430.41, 'cocoa masita!', 156),
('Prodder', 2631.26, 'kakao masita!', 58);

INSERT IGNORE INTO payment (orders_id, status, payment_method)
values
(1, 'COMPLETED', 'PayPay'),
(4, 'PENDING', '現金'),
(5, 'PENDING', '現金'),
(6, 'COMPLETED', 'PayPay'),
(7, 'COMPLETED', 'PayPay'),
(8, 'COMPLETED', 'PayPay'),
(9, 'FAILED', '現金'),
(10, 'REFUNDED', '現金'),
(11, 'FAILED', 'PayPay'),
(12, 'FAILED', '現金'),
(13, 'REFUNDED', 'PayPay'),
(14, 'REFUNDED', 'PayPay'),
(15, 'COMPLETED', '現金'),
(16, 'COMPLETED', 'PayPay'),
(17, 'COMPLETED', '現金'),
(18, 'PENDING', '現金'),
(19, 'PENDING', 'PayPay'),
(20, 'COMPLETED', '現金'),
(21, 'PENDING', '現金'),
(22, 'REFUNDED', '現金'),
(23, 'COMPLETED', 'PayPay'),
(24, 'REFUNDED', '現金'),
(25, 'REFUNDED', '現金'),
(26, 'PENDING', 'PayPay'),
(27, 'PENDING', '現金'),
(28, 'PENDING', 'PayPay'),
(29, 'FAILED', '現金'),
(30, 'FAILED', '現金'),
(31, 'PENDING', '現金'),
(32, 'COMPLETED', '現金'),
(33, 'FAILED', 'PayPay'),
(34, 'PENDING', '現金'),
(35, 'COMPLETED', '現金'),
(36, 'REFUNDED', 'PayPay'),
(37, 'REFUNDED', 'PayPay'),
(38, 'COMPLETED', '現金'),
(39, 'PENDING', 'PayPay'),
(40, 'PENDING', 'PayPay'),
(41, 'PENDING', 'PayPay'),
(42, 'COMPLETED', 'PayPay'),
(43, 'PENDING', 'PayPay'),
(44, 'REFUNDED', '現金'),
(45, 'REFUNDED', '現金'),
(46, 'PENDING', 'PayPay'),
(47, 'REFUNDED', 'PayPay'),
(48, 'COMPLETED', 'PayPay'),
(49, 'COMPLETED', '現金'),
(50, 'FAILED', 'PayPay'),
(51, 'COMPLETED', '現金'),
(52, 'FAILED', '現金'),
(53, 'COMPLETED', '現金'),
(54, 'REFUNDED', 'PayPay'),
(55, 'REFUNDED', 'PayPay'),
(56, 'REFUNDED', 'PayPay'),
(57, 'PENDING', 'PayPay'),
(58, 'FAILED', 'PayPay'),
(59, 'FAILED', '現金'),
(60, 'PENDING', '現金'),
(61, 'FAILED', 'PayPay'),
(62, 'FAILED', '現金'),
(63, 'COMPLETED', 'PayPay'),
(64, 'COMPLETED', '現金'),
(65, 'COMPLETED', 'PayPay'),
(66, 'PENDING', '現金'),
(67, 'FAILED', 'PayPay'),
(68, 'FAILED', 'PayPay'),
(69, 'COMPLETED', 'PayPay'),
(70, 'PENDING', '現金'),
(71, 'REFUNDED', 'PayPay'),
(72, 'PENDING', '現金'),
(73, 'COMPLETED', 'PayPay'),
(74, 'COMPLETED', 'PayPay'),
(75, 'REFUNDED', 'PayPay'),
(76, 'COMPLETED', '現金'),
(77, 'PENDING', 'PayPay'),
(78, 'FAILED', 'PayPay'),
(79, 'FAILED', 'PayPay'),
(80, 'REFUNDED', '現金'),
(81, 'PENDING', 'PayPay'),
(82, 'FAILED', '現金'),
(83, 'PENDING', '現金'),
(84, 'FAILED', '現金'),
(85, 'PENDING', 'PayPay'),
(86, 'PENDING', '現金'),
(87, 'REFUNDED', '現金'),
(88, 'FAILED', '現金'),
(89, 'COMPLETED', '現金'),
(90, 'FAILED', '現金'),
(91, 'COMPLETED', 'PayPay'),
(92, 'REFUNDED', 'PayPay'),
(93, 'PENDING', 'PayPay'),
(94, 'FAILED', '現金'),
(95, 'REFUNDED', '現金'),
(96, 'REFUNDED', 'PayPay'),
(97, 'FAILED', '現金'),
(98, 'FAILED', 'PayPay');



INSERT IGNORE INTO product_image (product_id, image_url)
values
(1, 'http://jalbum.net'),
(4, 'http://mail.ru'),
(5, 'https://webs.com'),
(6, 'https://toplist.cz'),
(7, 'http://loc.gov'),
(8, 'http://netscape.com'),
(9, 'http://usgs.gov'),
(10, 'http://myspace.com'),
(11, 'https://ft.com'),
(12, 'https://harvard.edu'),
(13, 'http://google.it'),
(14, 'http://live.com'),
(15, 'https://homestead.com'),
(16, 'http://howstuffworks.com'),
(17, 'http://wikia.com'),
(18, 'http://alexa.com'),
(19, 'https://jigsy.com'),
(20, 'http://dell.com'),
(21, 'https://chron.com'),
(22, 'http://businessinsider.com'),
(23, 'http://globo.com'),
(24, 'http://jigsy.com'),
(25, 'https://ocn.ne.jp'),
(26, 'https://exblog.jp'),
(27, 'https://whitehouse.gov'),
(28, 'http://nbcnews.com'),
(29, 'https://whitehouse.gov'),
(30, 'http://drupal.org'),
(31, 'http://cdc.gov'),
(32, 'http://dell.com'),
(33, 'http://joomla.org'),
(34, 'https://cdbaby.com'),
(35, 'https://twitter.com'),
(36, 'http://sina.com.cn'),
(37, 'http://china.com.cn'),
(38, 'http://blinklist.com'),
(39, 'https://indiegogo.com'),
(40, 'http://fda.gov'),
(41, 'https://jalbum.net'),
(42, 'http://un.org'),
(43, 'http://sourceforge.net'),
(44, 'https://w3.org'),
(45, 'https://nyu.edu'),
(46, 'https://networkadvertising.org'),
(47, 'http://howstuffworks.com'),
(48, 'https://symantec.com'),
(49, 'http://wikipedia.org'),
(50, 'https://histats.com'),
(51, 'http://newsvine.com'),
(52, 'https://usgs.gov'),
(53, 'http://jiathis.com'),
(54, 'http://umich.edu'),
(55, 'http://posterous.com'),
(56, 'https://moonfruit.com'),
(57, 'http://jiathis.com'),
(58, 'https://yale.edu'),
(59, 'http://unc.edu'),
(60, 'http://moonfruit.com'),
(61, 'http://livejournal.com'),
(62, 'https://weibo.com'),
(63, 'https://gravatar.com'),
(64, 'http://google.cn'),
(65, 'https://unblog.fr'),
(66, 'http://tiny.cc'),
(67, 'https://yale.edu'),
(68, 'https://pbs.org'),
(69, 'http://ibm.com'),
(70, 'https://sohu.com'),
(71, 'http://economist.com'),
(72, 'http://nature.com'),
(73, 'http://narod.ru'),
(74, 'https://sbwire.com'),
(75, 'http://google.nl'),
(76, 'https://rambler.ru'),
(77, 'http://merriam-webster.com'),
(78, 'https://wunderground.com'),
(79, 'http://devhub.com'),
(80, 'https://cpanel.net'),
(81, 'https://taobao.com'),
(82, 'https://reference.com'),
(83, 'https://google.nl'),
(84, 'https://arstechnica.com'),
(85, 'http://spiegel.de'),
(86, 'http://wikia.com'),
(87, 'http://rediff.com'),
(88, 'https://about.com'),
(89, 'https://dyndns.org'),
(90, 'http://lycos.com'),
(91, 'http://unblog.fr'),
(92, 'http://dedecms.com'),
(93, 'https://list-manage.com'),
(94, 'https://cdc.gov'),
(95, 'http://businesswire.com'),
(96, 'https://stumbleupon.com'),
(97, 'https://imageshack.us'),
(98, 'https://ebay.co.uk');

INSERT IGNORE INTO cart (member_id, product_id, quantity)
values
(1, 1, 59),
(4, 4, 166),
(5, 5, 59),
(6, 6, 69),
(7, 7, 44),
(8, 8, 56),
(9, 9, 73),
(10, 10, 138),
(11, 11, 40),
(12, 12, 64),
(13, 13, 23),
(14, 14, 184),
(15, 15, 72),
(16, 16, 22),
(17, 17, 115),
(18, 18, 89),
(19, 19, 46),
(20, 20, 159),
(21, 21, 51),
(22, 22, 156),
(23, 23, 39),
(24, 24, 62),
(25, 25, 157),
(26, 26, 178),
(27, 27, 151),
(28, 28, 4),
(29, 29, 186),
(30, 30, 101),
(31, 31, 138),
(32, 32, 56),
(33, 33, 88),
(34, 34, 152),
(35, 35, 105),
(36, 36, 22),
(37, 37, 167),
(38, 38, 129),
(39, 39, 68),
(40, 40, 32),
(41, 41, 154),
(42, 42, 133),
(43, 43, 42),
(44, 44, 177),
(45, 45, 72),
(46, 46, 53),
(47, 47, 27),
(48, 48, 108),
(49, 49, 125),
(50, 50, 199),
(51, 51, 154),
(52, 52, 104),
(53, 53, 57),
(54, 54, 94),
(55, 55, 73),
(56, 56, 20),
(57, 57, 58),
(58, 58, 1),
(59, 59, 139),
(60, 60, 194),
(61, 61, 46),
(62, 62, 39),
(63, 63, 76),
(64, 64, 14),
(65, 65, 182),
(66, 66, 12),
(67, 67, 34),
(68, 68, 156),
(69, 69, 16),
(70, 70, 190),
(71, 71, 170),
(72, 72, 50),
(73, 73, 44),
(74, 74, 133),
(75, 75, 115),
(76, 76, 58),
(77, 77, 90),
(78, 78, 45),
(79, 79, 140),
(80, 80, 58),
(81, 81, 171),
(82, 82, 101),
(83, 83, 71),
(84, 84, 180),
(85, 85, 168),
(86, 86, 92),
(87, 87, 30),
(88, 88, 152),
(89, 89, 194),
(90, 90, 156),
(91, 91, 133),
(92, 92, 65),
(93, 93, 75),
(94, 94, 144),
(95, 95, 164),
(96, 96, 194),
(97, 97, 75),
(98, 98, 70);
